{"cameraMode":{"drawMode":0,"name":"Shaded","section":"Shading Mode"},"sceneLighting":false,"audioPlay":false,"sceneViewState":{"showFog":true,"showMaterialUpdate":false,"showSkybox":false,"showFlares":true,"showImageEffects":true,"showParticleSystems":true},"in2DMode":false,"pivot":{"x":-0.6460000276565552,"y":-1.420365333557129,"z":-0.39100003242492678},"rotation":{"x":-0.022234421223402025,"y":0.9753293991088867,"z":-0.11642676591873169,"w":-0.18626008927822114},"size":2.857893466949463,"orthographic":false}